decades,a period
program,Thing
cable,two or more wires running side
news,information
billions,Thing
dollars,the name
revenues,the income
parent,a caregiver
company,a legal entity
allegations,a claim
women,a female human
payouts,the way lottery
exchange,Thing
litigation,`` a vernacular term
accusations,Thing
settlements,Thing
scandal,Thing
behavior,the range
women,a female human
contributes,any building
allegations,a claim
show,Thing
behavior,the range
phone,a telecommunications device
calls,Thing
documents,"a written , drawn"
interviews,a conversation
advice,Thing
promising,an annual award
careers,an individual
settlements,Thing
claims,Thing
front,Thing
settlements,Thing
show,Thing
host,Thing
Representatives,Thing
statement,Thing
matters,Thing
workplace,the physical location
employee,a relationship
advantage,Thing
hotline,a point-to-point communications link in which a call
efforts,Thing
employees,a relationship
companies,a legal entity
disputes,a state
trial,a coming together of parties to a dispute
headlines,the text
accusations,Thing
women,a female human
harassment,Thing
employees,a relationship
complaints,any formal legal document
network,Thing
executives,Thing
department,Thing
part,Thing
exit,Thing
package,Thing
settlements,Thing
women,a female human
departure,Thing
chairman,the highest officer
environment,Thing
trust,Thing
respect.”,a feeling
settlements,Thing
envoy,Thing
construction,the process
A.,the first letter
diplomat,a person
post,Thing
support,Thing
part,Thing
administration,Thing
holdovers,Thing
years,the orbital period
skills,the ability
knowledge,a familiarity
predecessor,Thing
administrations,a number
officials,someone
campaign,Thing
power,Thing
fire,the rapid oxidation
people,a plurality
right,"legal , social , or ethical principles of freedom"
ability,Thing
dissent,a sentiment
policies,a deliberate system
sheer,Thing
expertise,defined differently in varying academic fields .
elder,Thing
briefly,a written legal document
deputy,Thing
secretary,a person
state,Thing
“But,Thing
person,"a being , such as a human , that has certain capacities or attributes constituting personhood"
holdovers,Thing
tension,Thing
aides,Thing
part,Thing
people,a plurality
adviser,normally a person
meeting,Thing
staff,Thing
jobs,Thing
people,a plurality
branch,a woody structural member
positions,a 1972 book
field,Thing
crises,a French research centre
secretary,a person
state,Thing
order,Thing
visitors,Thing
countries,a region
peace,a lack
negotiations,a dialogue
ban,Thing
title,a prefix
secretary,a person
state,Thing
secretary,a person
state,Thing
colleagues,the relationship
—,a punctuation mark
officials,someone
instructions,Thing
offices,generally a room
credit,Thing
“He,Thing
weekend,those complementary parts of the week
leadership,both a research area
judgment,the evaluation
class,Thing
him.”,an American professional wrestler
conferences,Thing
job,their role
officer,a person
respect,a feeling
laws,a system
people,a plurality
”,punctuation
“We,the first person
people.”,a traditionally nomadic ethnic group
administration,Thing
secretary,a person
state,Thing
assistant,Thing
secretary,a person
affairs,a sexual relationship
bit,a basic unit
assistant,Thing
secretary,a person
circle,a simple
history,the study
bridges,a structure
secretary,a person
diplomat,a person
cabinet,Thing
successor,Thing
dealings,the management
experience,the knowledge
colleagues,the relationship
broker,an individual person
critics,a professional who communicates an assessment
role,a set
campaign,Thing
settlements,Thing
construction,the process
diplomacy,the art
outs,a Japanese baseball manga series
administration,Thing
package,Thing
behalf,Thing
administration,Thing
reports,any informational work
aides,Thing
involvement,Thing
office,generally a room
“I,the ninth letter
colleagues,the relationship
administration,Thing
praise,based .
holdovers,Thing
transition,Thing
part,Thing
issues,Thing
administrations,a number
side,an ancient Greek city
politics,the process
forces,any interaction
home,a dwelling-place
units,a fictional military organisation
terrorists,", in its broadest sense"
coalition,a pact
members,Thing
addition,"one of the four basic operations of arithmetic , with the others being subtraction"
network,Thing
contacts,a thin lens
ties,Thing
virtue,moral excellence
experience,the knowledge
case,Thing
player,Thing
charts,a graphical representation
millennials,the demographic cohort
prices,the quantity
“the,Thing
tequila,a regionally specific name
that’s,Thing
margarita.”,a cocktail consisting
days,a unit
campaign,Thing
tax,a financial charge
seniors,Thing
release,Thing
hit”,an Iraqi city
imports,a good brought
organizations,an entity
share,Thing
part,Thing
overseen,the central bank
imports,a good brought
overhaul,Thing
effort,Thing
opposition,Thing
advisers,normally a person
tax,a financial charge
reform,"wrong , corrupt , unsatisfactory , etc ."
tax,a financial charge
conservatives,a political and social philosophy
sector,Thing
election,a formal decision-making process
“Trump,an American privately owned international conglomerate
tax,a financial charge
pill”,popular cultural symbols representing the choice
tax,a financial charge
reform,"wrong , corrupt , unsatisfactory , etc ."
adjustment,Thing
tax,a financial charge
think,Thing
tanks,an armoured fighting vehicle
ways,Thing
tax,a financial charge
code,a system
countries,a region
tax,a financial charge
imports,a good brought
percent,a number
exports,Thing
taxation,a financial charge
theory,a contemplative and rational type
home,a dwelling-place
cash,money
closing,Thing
time,the indefinite continued progress
defense,Thing
night,Thing
hotel,an establishment
side,an ancient Greek city
closing,Thing
time,the indefinite continued progress
arrival,Thing
p.m.,Thing
—,a punctuation mark
time,the indefinite continued progress
state,Thing
border,"geographic boundaries of political entities or legal jurisdictions , such as governments , sovereign states , federated states , and other subnational entities ."
crossings,Thing
destination,Thing
people,a plurality
scene,Thing
museums,an institution
heartland,Thing
it’s,Thing
calories,units of energy
nothing,a concept
cappuccino,an Italian coffee drink
restaurant,a business
home,a dwelling-place
home,a dwelling-place
pals,a medieval town
dignitaries,a list
clan,a group
people,a plurality
way,Thing
eyebrows,an area
career,an individual
book,a set
“Out,a poem
life,a characteristic distinguishing
afterlife,the concept
properties,that which belongs to or with something
deputy,Thing
government,the system
leader,both a research area
referendum,a direct vote
referendum,a direct vote
foil,Thing
government,the system
people,a plurality
years,the orbital period
meetings,Thing
“But,Thing
part.”,an upcoming American superhero film
“It,a 1986 horror novel
part”,Thing
refusal,Thing
departure,Thing
plans,typically any diagram
momentum,Thing
vote,a method
negotiations,a dialogue
clarity,Thing
light,electromagnetic radiation
independence,a condition
it’s,Thing
independence,a condition
percent,a number
percent,a number
members,Thing
party,a gathering
camp,Thing
position,Thing
years,the orbital period
percent,a number
percent,a number
support,Thing
independence,a condition
independence,a condition
“Right,used in several countries as a descriptive term
“Brexit,a commonly used term
time,the indefinite continued progress
anything,Thing
charge.”,an atom
seats,a place
politics,the process
control”,Thing
argument,a series
supporters,figures or objects usually placed on either side
referendum,a direct vote
union,Thing
percent,a number
trade,Thing
percent,a number
trade,Thing
percent,a number
hurdle,a moveable section
oil,"any neutral , nonpolar chemical substance"
gas,one of the four fundamental states of matter
revenues,the income
pounds,Thing
pounds,Thing
extraction,Thing
oil,"any neutral , nonpolar chemical substance"
rate,Thing
growth,Thing
percent,a number
budget,a quantitative expression
deficit,Thing
legislator,a person
finances,a field
“We,the first person
we’re,the first person
ability,Thing
values,best to do or what way
study,Thing
money,any item
remains,Thing
campaign,Thing
aims,Thing
access,Thing
return,Thing
budget,a quantitative expression
contributions,the process
freedom,Thing
movement,Thing
labor,Thing
citizens,the status
membership,Thing
investment,to allocate money
culture,Thing
someone’s,the name
grandmother,the parents of a person
“Look,Thing
lots,Thing
people,a plurality
people,a plurality
“And,a tragedy
in.”,an annual ranking
