Kansas City International Airport,a public airport
Norway,a sovereign and unitary monarchy
Priebus,"the current White House Chief of Staff for U.S. President Donald Trump , serving since January 20 , 2017 ."
Brietbart,a Polish politician
European Union,a political and economic union
Scotland,a country
National,Thing
Republican,Thing
James,Thing
Elliott Abrams,a former American diplomat
Arab,an ethnic group
Arturo Valenzuela,a Chilean-American academic
Paul,Thing
John Glaser,Thing
Reagan,Thing
Populist,a political doctrine
Murphy,an Anglicized version
Defense,Thing
NATO,an intergovernmental military alliance
Malibu,Thing
Mr. O’Reilly,an American television host
Jens Stoltenberg,a Norwegian politician
Frank Sinatra,Thing
Palestinians,an ethnonational group
West Wing,Thing
George W. Bush,an American politician
West,Thing
Group,an algebraic structure
West Bank,a landlocked territory
Politico,an American political-journalism company
Middle East,a transcontinental region
New York,a state
Alex Salmond,a Scottish politician
Fox,"small-to-medium-sized , omnivorous mammals belonging to several genera"
Francois Hollande,a French politician
Pence,a coin
Parliament,"a legislative , elected body"
Syrians,"the inhabitants of Syria , who share"
Times,Thing
Michael Fallon,a British Conservative politician
Mar-a-Lago,an estate
Arabia,a peninsula
Chris Collins,Thing
Tillerson,an American energy executive
Freedom Caucus,a congressional caucus
William H. Rehnquist,Thing
Nigel Farage,a British politician
No,Thing
New York Times,an American daily newspaper
Nicola Sturgeon,a Scottish politician
Muslim,someone
Current,Thing
Paul Nuttall,a British politician
State Rex,an American energy executive
Mr. Egeland,a Norwegian comedy duo
Japan,a sovereign island nation
Lachlan Murdoch,an American businessman
Security Council,"one of the six principal organs of the United Nations , charged with the maintenance"
Kushner,a German variation
Israel,a country
John Kerry,an American politician
Lindsay Walters,Thing
Barack,an American politician
Mr. Salmond,a Scottish politician
Al Qaeda,a militant Sunni Islamist multi-national organization
Saudi,an Arab sovereign state
Ivanka Trump,an American businesswoman
“and,a tragedy
Shinzo Abe,the Prime Minister of Japan and the President of the Liberal Democratic Party ( LDP ) .
American,Thing
Road Warrior,Thing
Jersey Republican,the affiliate
Mr. Bannon,an American political aide
Lempert,Thing
Ian Ramage,a cricket umpire
Scottish,Thing
Iran,a sovereign state
David H. Koch,an American businessman
Needham,Thing
Kurdish,Thing
Iraq,a country
Trump,Thing
Mr. Assad,"the 19th and current President of Syria , holding the office"
State Department,the United States federal executive department
Milo Yiannopoulos,a British public speaker
State,Thing
Theresa May,"the Prime Minister of the United Kingdom and Leader of the Conservative Party , having served as both since July 2016 ."
Calif,Thing
Center,Thing
Russia,Thing
Britain,Thing
Lucy,an English and French feminine
Assad,one of many Arabic male
CNN,an American basic cable
Bernie Sanders,an American politician
Pentagon,any five-sided polygon
Supreme Court,the highest court
Condoleezza Rice,an American political scientist
Western Hemisphere,a geographical term
Peter D. Feaver,American professor
United Kingdom Defense,the international relations between Albania and United Kingdom .
Independence Party,Thing
Barack Obama,an American politician
Andrew Wilson,Thing
Twitter,an online news
Cato Institute,an American libertarian think tank
Mr. Greenblatt,an American lawyer
Capitol,Thing
Justin Trudeau,a Canadian politician
Senior Director Yael Lempert,the principal forum
US,a constitutional federal republic
Raqqa,a city
New,Thing
Europe,a continent
Mr. Bush,an English surname
Kentucky Republican,the affiliate
Bill O’Reilly,Thing
Starbucks,an American coffee company
Broken,Thing
Le Pen,a Breton surname
Tulsa,the second-largest city
Carolinas,"the U.S. states of North Carolina and South Carolina , considered collectively ."
Syria,a country
Pennsylvania,a state
Turks,Thing
Century Fox,an American film studio
Mr. Netanyahu,Thing
Marine Le Pen,a French lawyer
Belgium,a sovereign state
Charles D.,known as the Father of Canadian Poetry .
Islamic,an Abrahamic monotheistic religion
Bush,Thing
Michael Needham,Thing
Brexit,a commonly used term
Damascus,the capital
Affordable Care Act,a United States federal statute
Lebanon,a sovereign state
United States,a constitutional federal republic
Refugee Council,the United Kingdom 's leading organisation
Sturgeon,the common name
Scottish National Party,a Scottish nationalist
House Republicans,the party caucus
Heritage,Thing
Canadian,people identified with the country
Shannon Jr.,an American diplomat
Washington,Thing
Japanese,Thing
Ankara,the capital
Brett H. McGurk,an American lawyer
Donald Trump Russia Glaser,a political culture
Mideast,a transcontinental region
Obamacare,a United States federal statute
Norwegian,Thing
GOP,"one of the two major contemporary political parties in the United States , the other being its historic rival"
Century,a period
Canada,a country
Farage,a British politician
Palm Beach,Thing
Mr. Tillerson,an American energy executive
Mr.,a commonly used English honorific
Mr. Valenzuela,a state-owned public university
Partnership,an arrangement
Benjamin Netanyahu,the current Prime Minister of Israel .
Shirley MacLaine,an American film
Obama,an American politician
Mr. Trump’s,Thing
Mike Pence,an American politician
Public Service,a service
Sweden,a Scandinavian country
House,a building
Speaker Paul,its presiding officer
British,Thing
Sammy Davis,Thing
Trump Organization,an American privately owned international conglomerate
Heritage Action,a conservative policy advocacy organization
Turkey,a transcontinental country
Mr. Ailes,an American author
Oakland,the largest city
Jordan,an Arab kingdom
Chinese,Thing
United Kingdom,a sovereign country
Bashar,Thing
Dean Martin,Thing
Steve Bannon,an American political aide
Stephen Moore,Thing
Chris Deerin,a strategic communications consultancy
Missouri,a state
Florida,a state
Nascar,an American family-owned and operated business venture
Mr. Shannon,Thing
Okla.,a state
Jan Egeland,a Norwegian diplomat
America’s,Thing
Wendy Walsh,an author
Israeli,"citizens or permanent residents of the State of Israel , a multiethnic society"
Reince Priebus,"the current White House Chief of Staff for U.S. President Donald Trump , serving since January 20 , 2017 ."
Ann Coulter,an American conservative social and political commentator
Paul Ryan,an American politician
Tom MacArthur,an American businessman
Andrea Tantaros,an American conservative political analyst
Mr. Moore,a United States-based folk music guitarist
Yael Lempert,the principal forum
BBC,a British public service broadcaster
Jim Mattis,"the 26th and current United States Secretary of Defense , serving in the Trump Administration ."
Vermont,a state
Jerusalem,a city
Israeli-Palestinian,"citizens or permanent residents of the State of Israel , a multiethnic society"
Syrian,"the inhabitants of Syria , who share"
Ryan,Thing
Rupert Murdoch,an Australian-born American media mogul
French,Thing
Mr. Deerin,Thing
Mr. Trump,a German surname
Nuttall,Thing
Fox News,an American basic cable
White House,the official residence
Xi Jinping,"the current General Secretary of the Communist Party of China , President of the People 's Republic of China , and Chairman of the Central Military Commission ."
Oxford,a city
German Chancellor Angela Merkel,a German politician
McHenry,Thing
Thomas,Thing
Congress,a formal meeting
Turkish,Thing
America,Thing
Latinos,a term
Mr. McGurk,an American lawyer
Scottish Parliament,"the devolved national , unicameral legislature"
House Freedom Caucus,a congressional caucus
California,the most populous state
Foreign Service,Thing
Texas,the second largest state
Bannon,an Irish surname
France,a country
East Room,an event
Donald Trump,the 45th and current President of the United States .
Stephen K. Bannon,an American political aide
Staff Reince Priebus,"the current White House Chief of Staff for U.S. President Donald Trump , serving since January 20 , 2017 ."
Bute House,the official residence
Scots,Thing
London,the capital
Mr. Obama,an American politician
Daniel Restrepo,a Colombian architect
Kennedy,Thing
Jason D. Greenblatt,an American lawyer
United Nations,an intergovernmental organization
National Front,Thing
Jose Cuervo,a brand
Jared Kushner,an American real estate investor
Glasgow,the largest city
Islamic State,a type
Infowars,Thing
Jewish,an ethnoreligious group
Republican Party,Thing
Patrick McHenry,the U.S. Representative for North Carolina 's 10th congressional district
Clinton,a British surname
Kansas City,a 15-county metropolitan area
Paul Joseph Watson,a YouTube personality
Roger Ailes,an American media consultant
